Workbook

Sheet 使用方法
A1: =_xlfn.DISPIMG("ID_700D93C647864831B6AA43D20FD41A57",1) -> =DISPIMG("ID_700D93C647864831B6AA43D20FD41A57",1) | D1: =_xlfn.DISPIMG("ID_AB1FC7A41AB444DC945223AF36ECC834",1) -> =DISPIMG("ID_AB1FC7A41AB444DC945223AF36ECC834",1) | G1: =_xlfn.DISPIMG("ID_BF1A26ED33B1423BB38B8907770EE224",1) -> =DISPIMG("ID_BF1A26ED33B1423BB38B8907770EE224",1)
A21: 有任何问题随时联系：xhs@朱年北；dy号：zhunianbei

Sheet 课题进度
A1: 精灵编号 | B1: 精灵名称 | C1: 系别 | D1: 图鉴课题总数 | E1: 完成进度 | F1: 课题类别 | G1: 课题内容 | H1: 完成情况 | I1: 备注 | J1: 词条新增时间
A2: N.001 | B2: 迪莫 | C2: 光 | D2: 7 | E2: =SUM(H2:H8)/D2 -> 0 | F2: 捕捉 | G2: 捕捉1只精灵 | H2: 0 | I2: 开服必送 | J2: S1
F3: 天分 | G3: 捕捉1只了不起天分的精灵 | H3: 0 | J3: S1
F4: 亲密度 | G4: 使迪莫的亲密度等级达到5级 | H4: 0 | J4: S1
F5: 奖牌 | G5: 获得「命定勇者」奖牌 | H5: 0 | J5: S1
F6: 技能 | G6: 使用1次【闪光】 | H6: 0 | J6: S1
F7: 技能 | G7: 使用1次【光刃】 | H7: 0 | J7: S1
F8: 首领 | G8: 使用进化之力，将精灵进化为首领 | H8: 0 | I8: 推进洛克里安主线剧情至第五章结束获得首领信物「至尊光戒」，在巨人裂谷的火巨人、森巨人、雪巨人守护地分别获得首领信物「原初之火」、「原初之草」、「原初之水」 | J8: S3-第一版
A9: N.002 | B9: 喵喵 | C9: 草 | D9: 3 | E9: =SUM(H9:H11)/D9 -> 0 | F9: 捕捉 | G9: 捕捉1只精灵 | H9: 0 | I9: 一代御三家，没选的可以在其他人世界抓 | J9: S1
F10: 天分 | G10: 捕捉1只了不起天分的精灵 | H10: 0 | J10: S1
F11: 进化 | G11: 使精灵成功进化1次 | H11: 0 | I11: 16级进化 | J11: S1
A12: N.003 | B12: 喵呜 | C12: 草 | D12: 3 | E12: =SUM(H12:H14)/D12 -> 0 | F12: 捕捉 | G12: 捕捉1只精灵 | H12: 0 | I12: 一代御三家，没选的可以在其他人世界抓 | J12: S1
F13: 天分 | G13: 捕捉1只了不起天分的精灵 | H13: 0 | J13: S1
F14: 进化 | G14: 使精灵成功进化1次 | H14: 0 | I14: 32级进化 | J14: S1
A15: N.004 | B15: 魔力猫 | C15: 草 | D15: 7 | E15: =SUM(H15:H21)/D15 -> 0 | F15: 捕捉 | G15: 捕捉1只精灵 | H15: 0 | I15: 一代御三家，没选的可以在其他人世界抓 | J15: S1
F16: 天分 | G16: 捕捉1只了不起天分的精灵 | H16: 0 | J16: S1
F17: 炫彩 | G17: 捕捉1只炫彩突变的精灵 | H17: 0 | J17: S1
F18: 首领 | G18: 使用进化之力，将精灵进化为首领 | H18: 0 | I18: 完成魔法学院初始精灵首领挑战，获得首领信物「阳光罐头」，进化为叶冕魔力猫 | J18: S1
F19: 奖牌 | G19: 获得「命定勇者」奖牌 | H19: 0 | J19: S1
F20: 技能 | G20: 使用2次【棘突】 | H20: 0 | J20: S1
F21: 技能 | G21: 使用3次【光合作用】 | H21: 0 | J21: S1
A22: N.005 | B22: 火花 | C22: 火 | D22: 3 | E22: =SUM(H22:H24)/D22 -> 0 | F22: 捕捉 | G22: 捕捉1只精灵 | H22: 0 | I22: 一代御三家，没选的可以在其他人世界抓 | J22: S1
F23: 天分 | G23: 捕捉1只了不起天分的精灵 | H23: 0 | J23: S1
F24: 进化 | G24: 使精灵成功进化1次 | H24: 0 | I24: 16级进化 | J24: S1
A25: N.006 | B25: 焰火 | C25: 火 | D25: 3 | E25: =SUM(H25:H27)/D25 -> 0 | F25: 捕捉 | G25: 捕捉1只精灵 | H25: 0 | I25: 一代御三家，没选的可以在其他人世界抓 | J25: S1
F26: 天分 | G26: 捕捉1只了不起天分的精灵 | H26: 0 | J26: S1
F27: 进化 | G27: 使精灵成功进化1次 | H27: 0 | I27: 36级进化 | J27: S1
A28: N.007 | B28: 火神 | C28: 火 | D28: 7 | E28: =SUM(H28:H34)/D28 -> 0 | F28: 捕捉 | G28: 捕捉1只精灵 | H28: 0 | I28: 一代御三家，没选的可以在其他人世界抓 | J28: S1
F29: 天分 | G29: 捕捉1只了不起天分的精灵 | H29: 0 | J29: S1
F30: 炫彩 | G30: 捕捉1只炫彩突变的精灵 | H30: 0 | J30: S1
F31: 首领 | G31: 使用进化之力，将精灵进化为首领 | H31: 0 | I31: 完成魔法学院初始精灵首领挑战，获得首领信物「熔炼之火」 | J31: S1
F32: 奖牌 | G32: 获得「命定勇者」奖牌 | H32: 0 | J32: S1
F33: 技能 | G33: 使用2次【怒火】 | H33: 0 | J33: S1
F34: 技能 | G34: 使用2次【持续高温】 | H34: 0 | J34: S1
A35: N.008 | B35: 水蓝蓝 | C35: 水 | D35: 3 | E35: =SUM(H35:H37)/D35 -> 0 | F35: 捕捉 | G35: 捕捉1只精灵 | H35: 0 | I35: 一代御三家，没选的可以在其他人世界抓 | J35: S1
F36: 天分 | G36: 捕捉1只了不起天分的精灵 | H36: 0 | J36: S1
F37: 进化 | G37: 使精灵成功进化1次 | H37: 0 | I37: 16级进化 | J37: S1
A38: N.009 | B38: 波波拉 | C38: 水 | D38: 3 | E38: =SUM(H38:H40)/D38 -> 0 | F38: 捕捉 | G38: 捕捉1只精灵 | H38: 0 | I38: 一代御三家，没选的可以在其他人世界抓 | J38: S1
F39: 天分 | G39: 捕捉1只了不起天分的精灵 | H39: 0 | J39: S1
F40: 进化 | G40: 使精灵成功进化1次 | H40: 0 | I40: 36级进化 | J40: S1
A41: N.010 | B41: 水灵 | C41: 水 | D41: 7 | E41: =SUM(H41:H47)/D41 -> 0 | F41: 捕捉 | G41: 捕捉1只精灵 | H41: 0 | I41: 一代御三家，没选的可以在其他人世界抓 | J41: S1
F42: 天分 | G42: 捕捉1只了不起天分的精灵 | H42: 0 | J42: S1
F43: 炫彩 | G43: 捕捉1只炫彩突变的精灵 | H43: 0 | J43: S1
F44: 首领 | G44: 使用进化之力，将精灵进化为首领 | H44: 0 | I44: 完成魔法学院初始精灵首领挑战，获得首领信物「命运钥匙」 | J44: S1
F45: 奖牌 | G45: 获得「命定勇者」奖牌 | H45: 0 | J45: S1
F46: 技能 | G46: 使用2次【水泡】 | H46: 0 | J46: S1
F47: 技能 | G47: 使用2次【潮汐】 | H47: 0 | J47: S1
A48: N.011 | B48: 鸭吉吉 | C48: 普通 | D48: 10 | E48: =SUM(H48:H57)/D48 -> 0 | F48: 捕捉 | G48: 捕捉1只精灵 | H48: 0 | I48: 地图捕捉 | J48: S1
F49: 天分 | G49: 捕捉1只了不起天分的精灵 | H49: 0 | J49: S1
F50: 果实 | G50: 捕捉20只精灵 | H50: 0 | J50: S1
F51: 形态 | G51: 确认2种不同样子的鸭吉吉 | H51: 0 | I51: 捕捉紧实的样子、蓬松的样子即可完成（内侧还有急急急鸦、等一等鸭、起来鸭，以及公测礼燃了鸭不算在此课题内） | J51: S1
F52: 首领 | G52: 使用进化之力，将精灵进化为首领 | H52: 0 | I52: 领地试炼获得首领信物「金色传说」 | J52: S1
F53: 炫彩 | G53: 捕捉1只炫彩突变的精灵 | H53: 0 | J53: S1
F54: 奖牌 | G54: 获得「命定勇者」奖牌 | H54: 0 | J54: S1
F55: 技能 | G55: 使用1次【防御】 | H55: 0 | J55: S1
F56: 技能 | G56: 使用1次【吓退】 | H56: 0 | J56: S1
F57: 技能 | G57: 使用1次【伺机而动】 | H57: 0 | J57: S1
A58: N.012 | B58: 板板壳 | C58: 水 | D58: 4 | E58: =SUM(H58:H61)/D58 -> 0 | F58: 捕捉 | G58: 捕捉1只精灵 | H58: 0 | I58: 地图捕捉 | J58: S1
F59: 天分 | G59: 捕捉1只了不起天分的精灵 | H59: 0 | J59: S1
F60: 进化 | G60: 使精灵成功进化1次 | H60: 0 | I60: 16级进化 | J60: S1
F61: 形态 | G61: 确认2种不同样子的板板壳 | H61: 0 | I61: 捕捉本来的样子、蜕皮时的样子即可完成 | J61: S1
A62: N.013 | B62: 咔咔壳 | C62: 水 | D62: 4 | E62: =SUM(H62:H65)/D62 -> 0 | F62: 捕捉 | G62: 捕捉1只精灵 | H62: 0 | I62: 地图捕捉 | J62: S1
F63: 天分 | G63: 捕捉1只了不起天分的精灵 | H63: 0 | J63: S1
F64: 进化 | G64: 使精灵成功进化1次 | H64: 0 | I64: 36级进化 | J64: S1
F65: 形态 | G65: 确认2种不同样子的咔咔壳 | H65: 0 | I65: 捕捉本来的样子、蜕皮时的样子即可完成 | J65: S1
A66: N.014 | B66: 水泡壳 | C66: 水 | D66: 9 | E66: =SUM(H66:H74)/D66 -> 0 | F66: 捕捉 | G66: 捕捉1只精灵 | H66: 0 | I66: 地图捕捉 | J66: S1
F67: 天分 | G67: 捕捉1只了不起天分的精灵 | H67: 0 | J67: S1
F68: 果实 | G68: 捕捉20只精灵 | H68: 0 | J68: S1
F69: 形态 | G69: 确认2种不同样子的水泡壳 | H69: 0 | I69: 捕捉本来的样子、蜕皮时的样子即可完成 | J69: S1
F70: 炫彩 | G70: 捕捉1只炫彩突变的精灵 | H70: 0 | J70: S1
F71: 奖牌 | G71: 获得「命定勇者」奖牌 | H71: 0 | J71: S1
F72: 技能 | G72: 使用1次【肥皂泡】 | H72: 0 | J72: S1
F73: 技能 | G73: 使用2次【水泡盾】 | H73: 0 | J73: S1
F74: 技能 | G74: 使用3次【水光冲击】 | H74: 0 | J74: S1
A75: N.015 | B75: 锥尾羊 | C75: 幽 | D75: 3 | E75: =SUM(H75:H77)/D75 -> 0 | F75: 捕捉 | G75: 捕捉1只精灵 | H75: 0 | I75: 地图捕捉 | J75: S1
F76: 天分 | G76: 捕捉1只了不起天分的精灵 | H76: 0 | J76: S1
F77: 进化 | G77: 使精灵成功进化1次 | H77: 0 | I77: 16级进化 | J77: S1
A78: N.016 | B78: 铃兰羊 | C78: 幽 | D78: 3 | E78: =SUM(H78:H80)/D78 -> 0 | F78: 捕捉 | G78: 捕捉1只精灵 | H78: 0 | I78: 地图捕捉 | J78: S1
F79: 天分 | G79: 捕捉1只了不起天分的精灵 | H79: 0 | J79: S1
F80: 进化 | G80: 使精灵成功进化1次 | H80: 0 | I80: 32级进化 | J80: S1
A81: N.017 | B81: 花影羚羊 | C81: 幽,恶 | D81: 8 | E81: =SUM(H81:H88)/D81 -> 0 | F81: 捕捉 | G81: 捕捉1只精灵 | H81: 0 | I81: 地图捕捉 | J81: S1
F82: 天分 | G82: 捕捉1只了不起天分的精灵 | H82: 0 | J82: S1
F83: 果实 | G83: 捕捉20只精灵 | H83: 0 | J83: S1
F84: 炫彩 | G84: 捕捉1只炫彩突变的精灵 | H84: 0 | J84: S1
F85: 奖牌 | G85: 获得「命定勇者」奖牌 | H85: 0 | J85: S1
F86: 技能 | G86: 使用1次【幻象】 | H86: 0 | J86: S1
F87: 技能 | G87: 使用2次【虚假破产】 | H87: 0 | J87: S1
F88: 技能 | G88: 使用2次【恶作剧】 | H88: 0 | J88: S1
A89: N.018 | B89: 雪绒鸟 | C89: 翼 | D89: 4 | E89: =SUM(H89:H92)/D89 -> 0 | F89: 捕捉 | G89: 捕捉1只精灵 | H89: 0 | I89: 新手任务要求捕捉，或后续在地图捕捉，或挑战精灵首领·霜翼领主获得首领蛋孵化 | J89: S1
F90: 天分 | G90: 捕捉1只了不起天分的精灵 | H90: 0 | J90: S1
F91: 进化 | G91: 使精灵成功进化1次 | H91: 0 | I91: 6级进化 | J91: S1
F92: 形态 | G92: 确认4种不同样子的雪绒鸟 | H92: 0 | I92: 捕捉本来的样子、秋天的样子、春天的样子、夏天的样子即可完成 | J92: S1
A93: N.019 | B93: 冬羽雀 | C93: 翼 | D93: 4 | E93: =SUM(H93:H96)/D93 -> 0 | F93: 捕捉 | G93: 捕捉1只精灵 | H93: 0 | I93: 地图捕捉 | J93: S1
F94: 天分 | G94: 捕捉1只了不起天分的精灵 | H94: 0 | J94: S1
F95: 进化 | G95: 使精灵成功进化1次 | H95: 0 | I95: 30级进化 | J95: S1
F96: 形态 | G96: 确认4种不同样子的冬羽雀 | H96: 0 | I96: 捕捉本来的样子、秋天的样子、春天的样子、夏天的样子即可完成 | J96: S1
A97: N.020 | B97: 岚鸟 | C97: 翼 | D97: 9 | E97: =SUM(H97:H105)/D97 -> 0 | F97: 捕捉 | G97: 捕捉1只精灵 | H97: 0 | I97: 地图捕捉 | J97: S1
F98: 天分 | G98: 捕捉1只了不起天分的精灵 | H98: 0 | J98: S1
F99: 果实 | G99: 捕捉20只精灵 | H99: 0 | J99: S1
F100: 形态 | G100: 确认4种不同样子的岚鸟 | H100: 0 | I100: 捕捉本来的样子、秋天的样子、春天的样子、夏天的样子即可完成 | J100: S1
...

Sheet 技能石进度
A1: 精灵编号 | B1: 精灵名称 | C1: 系别 | D1: 技能名称 | E1: 要求次数 | F1: 完成情况 | G1: 完成进度
A2: N.001 | B2: 迪莫 | C2: 光 | D2: 闪光 | E2: 1 | F2: 0 | G2: 0
A3: N.001 | B3: 迪莫 | C3: 光 | D3: 光刃 | E3: 1 | F3: 0 | G3: 0
A4: N.004 | B4: 魔力猫 | C4: 草 | D4: 棘突 | E4: 2 | F4: 0 | G4: 0
A5: N.004 | B5: 魔力猫 | C5: 草 | D5: 光合作用 | E5: 3 | F5: 0 | G5: 0
A6: N.007 | B6: 火神 | C6: 火 | D6: 怒火 | E6: 2 | F6: 0 | G6: 0
A7: N.007 | B7: 火神 | C7: 火 | D7: 持续高温 | E7: 2 | F7: 0 | G7: 0
A8: N.010 | B8: 水灵 | C8: 水 | D8: 水泡 | E8: 2 | F8: 0 | G8: 0
A9: N.010 | B9: 水灵 | C9: 水 | D9: 潮汐 | E9: 2 | F9: 0 | G9: 0
A10: N.011 | B10: 鸭吉吉 | C10: 普通 | D10: 防御 | E10: 1 | F10: 0 | G10: 0
A11: N.011 | B11: 鸭吉吉 | C11: 普通 | D11: 吓退 | E11: 1 | F11: 0 | G11: 0
A12: N.011 | B12: 鸭吉吉 | C12: 普通 | D12: 伺机而动 | E12: 1 | F12: 0 | G12: 0
A13: N.014 | B13: 水泡壳 | C13: 水 | D13: 肥皂泡 | E13: 1 | F13: 0 | G13: 0
... A450: N.439 | B450: 壳栗丝鼠 | C450: 毒 | D450: 溶解 | E450: 2 | F450: 0 | G450: 0

Sheet 技能石进度Excel版
A1: 精灵编号 | B1: 精灵名称 | C1: 系别 | D1: 技能课题 | E1: 技能名称 | F1: 完成情况 | G1: 要求次数 | H1: 技能释放次数 | I1: 完成进度
A2: N.001 | B2: 迪莫 | C2: 光 | D2: 使用1次【闪光】 | E2: 闪光 | F2: =IF(_xlfn.XLOOKUP(D2,课题进度!G:G,课题进度!H:H)=1,"是","否") -> 否 | G2: 1 | I2: =H2/G2 -> 0
A3: N.001 | B3: 迪莫 | C3: 光 | D3: 使用1次【光刃】 | E3: 光刃 | F3: =IF(_xlfn.XLOOKUP(D3,课题进度!G:G,课题进度!H:H)=1,"是","否") -> 否 | G3: 1 | I3: =H3/G3 -> 0
A4: N.004 | B4: 魔力猫 | C4: 草 | D4: 使用2次【棘突】 | E4: 棘突 | F4: =IF(_xlfn.XLOOKUP(D4,课题进度!G:G,课题进度!H:H)=1,"是","否") -> 否 | G4: 2 | I4: =H4/G4 -> 0
A5: N.004 | B5: 魔力猫 | C5: 草 | D5: 使用3次【光合作用】 | E5: 光合作用 | F5: =IF(_xlfn.XLOOKUP(D5,课题进度!G:G,课题进度!H:H)=1,"是","否") -> 否 | G5: 3 | I5: =H5/G5 -> 0
A6: N.007 | B6: 火神 | C6: 火 | D6: 使用2次【怒火】 | E6: 怒火 | F6: =IF(_xlfn.XLOOKUP(D6,课题进度!G:G,课题进度!H:H)=1,"是","否") -> 否 | G6: 2 | I6: =H6/G6 -> 0
A7: N.007 | B7: 火神 | C7: 火 | D7: 使用2次【持续高温】 | E7: 持续高温 | F7: =IF(_xlfn.XLOOKUP(D7,课题进度!G:G,课题进度!H:H)=1,"是","否") -> 否 | G7: 2 | I7: =H7/G7 -> 0
A8: N.010 | B8: 水灵 | C8: 水 | D8: 使用2次【水泡】 | E8: 水泡 | F8: =IF(_xlfn.XLOOKUP(D8,课题进度!G:G,课题进度!H:H)=1,"是","否") -> 否 | G8: 2 | I8: =H8/G8 -> 0
A9: N.010 | B9: 水灵 | C9: 水 | D9: 使用2次【潮汐】 | E9: 潮汐 | F9: =IF(_xlfn.XLOOKUP(D9,课题进度!G:G,课题进度!H:H)=1,"是","否") -> 否 | G9: 2 | I9: =H9/G9 -> 0
A10: N.011 | B10: 鸭吉吉 | C10: 普通 | D10: 使用1次【防御】 | E10: 防御 | F10: =IF(_xlfn.XLOOKUP(D10,课题进度!G:G,课题进度!H:H)=1,"是","否") -> 否 | G10: 1 | I10: =H10/G10 -> 0
A11: N.011 | B11: 鸭吉吉 | C11: 普通 | D11: 使用1次【吓退】 | E11: 吓退 | F11: =IF(_xlfn.XLOOKUP(D11,课题进度!G:G,课题进度!H:H)=1,"是","否") -> 否 | G11: 1 | I11: =H11/G11 -> 0
A12: N.011 | B12: 鸭吉吉 | C12: 普通 | D12: 使用1次【伺机而动】 | E12: 伺机而动 | F12: =IF(_xlfn.XLOOKUP(D12,课题进度!G:G,课题进度!H:H)=1,"是","否") -> 否 | G12: 1 | I12: =H12/G12 -> 0
A13: N.014 | B13: 水泡壳 | C13: 水 | D13: 使用1次【肥皂泡】 | E13: 肥皂泡 | F13: =IF(_xlfn.XLOOKUP(D13,课题进度!G:G,课题进度!H:H)=1,"是","否") -> 否 | G13: 1 | I13: =H13/G13 -> 0
... A450: N.439 | B450: 壳栗丝鼠 | C450: 毒 | D450: 使用2次【溶解】 | E450: 溶解 | F450: =IF(_xlfn.XLOOKUP(D450,课题进度!G:G,课题进度!H:H)=1,"是","否") -> 否 | G450: 2 | I450: =H450/G450 -> 0

Sheet 多地区形态进度
A1: 精灵编号 | B1: 精灵名称 | C1: 形态种类 | D1: 形态名称 | E1: 捕捉方式 | F1: 完成情况 | G1: 完成进度 | H1: 完整进化链 | I1: 备注
A2: N.011 | B2: 鸭吉吉 | C2: 6 | D2: 蓬松的样子 | E2: 地图捕捉，果实放在缺少深水、两栖环境的眠枭庇护所里（提示可能改变精灵形态） | F2: 0 | G2: =(F2+F3)/2 -> 0 | H2: =_xlfn.DISPIMG("ID_B389F0D03A2740CEB75475055365876B",1) -> =DISPIMG("ID_B389F0D03A2740CEB75475055365876B",1) | I2: 鸭吉吉的形态课题只计算两种 | K2: 果实放入后会改变形态的眠枭庇护所可以参考dy：永夜（dy号：34087808366）
D3: 紧实的样子 | E3: 地图捕捉，果实放在有深水、两栖环境的眠枭庇护所里（不提示可能改变精灵形态） | F3: 0 | K3: 地图上具体的捕捉点位可以参考xhs：@小橙子环游记 的笔记
D4: 急急急鸦 | E4: 一测有果实，或别人送的蛋孵化 | F4: 0 | K4: 所有的首领化都只有一种样子，完成进化链需要所有形态都首领化
D5: 等一等鸭 | E5: 二测有果实，或别人送的蛋孵化 | F5: 0
D6: 起来鸭 | E6: 三测有果实，或别人送的蛋孵化 | F6: 0
D7: 燃了鸭 | E7: 公测礼有果实 | F7: 0
A8: N.012 | B8: 板板壳 | C8: 2 | D8: 本来的样子 | E8: 地图捕捉 | F8: 0 | G8: =SUM(F8:F9)/C8 -> 0 | H8: =_xlfn.DISPIMG("ID_8ED7E02B13BF47ADA9E74145185451B0",1) -> =DISPIMG("ID_8ED7E02B13BF47ADA9E74145185451B0",1)
D9: 蜕皮时的样子 | E9: 地图捕捉，圣羽祭台的魔力之源附近；果实放入特定眠枭庇护所后可捕捉（提示可能改变精灵形态） | F9: 0
A10: N.013 | B10: 咔咔壳 | C10: 2 | D10: 本来的样子 | E10: 地图捕捉 | F10: 0 | G10: =SUM(F10:F11)/C10 -> 0
D11: 蜕皮时的样子 | E11: 地图捕捉，圣羽祭台的魔力之源附近；果实放入特定眠枭庇护所后可捕捉（提示可能改变精灵形态） | F11: 0
A12: N.014 | B12: 水泡壳 | C12: 2 | D12: 本来的样子 | E12: 地图捕捉 | F12: 0 | G12: =SUM(F12:F13)/C12 -> 0
D13: 蜕皮时的样子 | E13: 地图捕捉，圣羽祭台的魔力之源附近；果实放入特定眠枭庇护所后可捕捉（提示可能改变精灵形态） | F13: 0
A14: N.018 | B14: 雪绒鸟 | C14: 4 | D14: 本来的样子 | E14: 开局就要捕捉，地图捕捉 | F14: 0 | G14: =SUM(F14:F17)/C14 -> 0 | H14: =_xlfn.DISPIMG("ID_CEA9A08060EC4518A7DD3845924CB37B",1) -> =DISPIMG("ID_CEA9A08060EC4518A7DD3845924CB37B",1) | I14: 挑战精灵首领·霜翼领主后，可以随机获得其中一种样子的蛋；离岚语峰西侧的魔力之源最近的炼金釜旁边有个抽奖机，每个抽屉对应一种样子（1号抽屉-秋天的样子，2号抽屉-春天的样子，3号抽屉-夏天的样子，4号抽屉-冬天的样子）
D15: 秋天的样子 | E15: 地图捕捉 | F15: 0
D16: 春天的样子 | E16: 地图捕捉 | F16: 0
D17: 夏天的样子 | E17: 果实放入特定眠枭庇护所后可捕捉（提示可能改变精灵形态），或者用蛋孵化 | F17: 0
A18: N.019 | B18: 冬羽雀 | C18: 4 | D18: 本来的样子 | E18: 地图捕捉 | F18: 0 | G18: =SUM(F18:F21)/C18 -> 0
D19: 秋天的样子 | E19: 地图捕捉 | F19: 0
D20: 春天的样子 | E20: 地图捕捉 | F20: 0
D21: 夏天的样子 | E21: 果实放入特定眠枭庇护所后可捕捉（提示可能改变精灵形态），或者用蛋孵化 | F21: 0
A22: N.020 | B22: 岚鸟 | C22: 4 | D22: 本来的样子 | E22: 地图捕捉 | F22: 0 | G22: =SUM(F22:F25)/C22 -> 0
D23: 秋天的样子 | E23: 地图捕捉 | F23: 0
D24: 春天的样子 | E24: 地图捕捉 | F24: 0
D25: 夏天的样子 | E25: 果实放入特定眠枭庇护所后可捕捉（提示可能改变精灵形态），或者用蛋孵化 | F25: 0
A26: N.024 | B26: 石肤蜥 | C26: 2 | D26: 本来的样子 | E26: 地图捕捉 | F26: 0 | G26: =SUM(F26:F27)/C26 -> 0 | H26: =_xlfn.DISPIMG("ID_7728F506F9404FA496DE1E6840BCEE6A",1) -> =DISPIMG("ID_7728F506F9404FA496DE1E6840BCEE6A",1)
D27: 球球尾巴的样子 | E27: 地图捕捉 | F27: 0
A28: N.025 | B28: 石刺蜥 | C28: 2 | D28: 本来的样子 | E28: 地图捕捉 | F28: 0 | G28: =SUM(F28:F29)/C28 -> 0
D29: 球球尾巴的样子 | E29: 地图捕捉 | F29: 0
A30: N.026 | B30: 石冠王蜥 | C30: 2 | D30: 本来的样子 | E30: 地图捕捉 | F30: 0 | G30: =SUM(F30:F31)/C30 -> 0
D31: 球球尾巴的样子 | E31: 地图捕捉 | F31: 0
A32: N.034 | B32: 化蝶 | C32: 4 | D32: 平常的样子 | E32: 爬爬随机进化 | F32: 0 | G32: =SUM(F32:F35)/C32 -> 0 | H32: =_xlfn.DISPIMG("ID_1EC3084B49B24F8299F3966AD96A449E",1) -> =DISPIMG("ID_1EC3084B49B24F8299F3966AD96A449E",1) | I32: 目前没有研究到化蝶的进化与地点、时间有明确关联，应当是每次进化都有1/4的概率进化为其中一种样子
D33: 幽冥眼的样子 | E33: 爬爬随机进化 | F33: 0
D34: 喵喵的样子 | E34: 爬爬随机进化 | F34: 0
D35: 奇丽花的样子 | E35: 爬爬随机进化 | F35: 0
A36: N.040 | B36: 晶石蜗 | C36: 6 | D36: 西瓜碧玺的样子 | E36: 撞击3次蓝晶碧玺 | F36: 0 | G36: =SUM(F36:F41)/C36 -> 0 | H36: =_xlfn.DISPIMG("ID_8F79F9EC9F3B4A4CA75B1F93C3B421B8",1) -> =DISPIMG("ID_8F79F9EC9F3B4A4CA75B1F93C3B421B8",1) | I36: 具体的矿石点位可以参照各位博主的跑图路线
D37: 莲花刚玉的样子 | E37: 撞击3次紫莲刚玉 | F37: 0
D38: 星彩榴石的样子 | E38: 撞击3次黄石榴石 | F38: 0
D39: 火山琉璃的样子 | E39: 撞击3次黑晶琉璃 | F39: 0
D40: 蓝锥矿的样子 | E40: 撞击3次蓝晶碧玺＋3次紫莲刚玉 | F40: 0
D41: 烧蓝黄金的样子 | E41: 撞击任意3种矿石各3次 | F41: 0
A42: N.044 | B42: 丢丢 | C42: 4 | D42: 沙地附近的样子 | E42: 地图捕捉，晨曦山的魔力之源附近 | F42: 0 | G42: =SUM(F42:F45)/C42 -> 0 | H42: =_xlfn.DISPIMG("ID_66DE9E05C6B644C58CA3A55523C4FD9F",1) -> =DISPIMG("ID_66DE9E05C6B644C58CA3A55523C4FD9F",1)
D43: 草地附近的样子 | E43: 地图捕捉，学院驻地和风息山口的魔力之源附近 | F43: 0
D44: 雪山附近的样子 | E44: 地图捕捉，星霜崖地的魔力之源附近 | F44: 0
D45: 火山附近的样子 | E45: 地图捕捉，巨人裂谷周围 | F45: 0
A46: N.045 | B46: 卡卡虫 | C46: 4 | D46: 沙地附近的样子 | E46: 地图捕捉，晨曦山的魔力之源附近 | F46: 0 | G46: =SUM(F46:F49)/C46 -> 0
D47: 草地附近的样子 | E47: 地图捕捉，学院驻地和风息山口的魔力之源附近 | F47: 0
D48: 雪山附近的样子 | E48: 地图捕捉，星霜崖地的魔力之源附近 | F48: 0
D49: 火山附近的样子 | E49: 地图捕捉，巨人裂谷周围 | F49: 0
A50: N.046 | B50: 卡瓦重 | C50: 4 | D50: 沙地附近的样子 | E50: 地图捕捉，晨曦山的魔力之源附近 | F50: 0 | G50: =SUM(F50:F53)/C50 -> 0
D51: 草地附近的样子 | E51: 地图捕捉，学院驻地和风息山口的魔力之源附近 | F51: 0
D52: 雪山附近的样子 | E52: 地图捕捉，星霜崖地的魔力之源附近 | F52: 0
D53: 火山附近的样子 | E53: 地图捕捉，巨人裂谷周围 | F53: 0
A54: N.055 | B54: 暗影灵面 | C54: 2 | D54: 闭眼的样子 | E54: 地图捕捉小灵面，在魔力之源消磨时间至中午再进化 | F54: 0 | G54: =SUM(F54:F55)/C54 -> 0 | H54: =_xlfn.DISPIMG("ID_CF67007950CB4BCF97B7CCAD0B6828B9",1) -> =DISPIMG("ID_CF67007950CB4BCF97B7CCAD0B6828B9",1)
D55: 睁眼的样子 | E55: 地图捕捉小灵面，在魔力之源消磨时间至晚上再进化 | F55: 0
A56: N.056 | B56: 幽灵眼 | C56: 2 | D56: 闭眼的样子 | E56: 对应的暗影灵面进化 | F56: 0 | G56: =SUM(F56:F57)/C56 -> 0
D57: 睁眼的样子 | E57: 对应的暗影灵面进化 | F57: 0
A58: N.057 | B58: 梦游 | C58: 2 | D58: 穿旧睡衣的样子 | E58: 地图捕捉 | F58: 0 | G58: =(F58+F59)/C58 -> 0 | H58: =_xlfn.DISPIMG("ID_450EC7EFDAD84AE1935093E9C5634FA2",1) -> =DISPIMG("ID_450EC7EFDAD84AE1935093E9C5634FA2",1)
D59: 穿星星睡衣的样子 | E59: 地图捕捉 | F59: 0
A60: N.058 | B60: 梦悠悠 | C60: 2 | D60: 穿旧睡衣的样子 | E60: 地图捕捉 | F60: 0 | G60: =(F60+F61)/C60 -> 0
D61: 穿星星睡衣的样子 | E61: 地图捕捉 | F61: 0
A62: N.063 | B62: 蹦蹦种子 | C62: 4 | D62: 彩玉球形态 | E62: 果实放入眠枭庇护所后可捕捉（提示可能改变精灵形态），或者用蛋孵化 | F62: 0 | G62: =SUM(F62:F65)/C62 -> 0 | H62: =_xlfn.DISPIMG("ID_3BC21EF336FD43A396CBBE72317B6F29",1) -> =DISPIMG("ID_3BC21EF336FD43A396CBBE72317B6F29",1) | I62: 挑战精灵首领·蹦蹦果后，可以随机获得其中一种形态的蛋
D63: 短毛球形态 | E63: 果实放入眠枭庇护所后可捕捉（提示可能改变精灵形态），或者用蛋孵化 | F63: 0
D64: 海神球形态 | E64: 地图捕捉，或用蛋孵化 | F64: 0
D65: 象牙花形态 | E65: 果实放入眠枭庇护所后可捕捉（提示可能改变精灵形态），或者用蛋孵化 | F65: 0
A66: N.064 | B66: 蹦蹦草 | C66: 4 | D66: 彩玉球形态 | E66: 果实放入眠枭庇护所后可捕捉（提示可能改变精灵形态），或者用蛋孵化 | F66: 0 | G66: =SUM(F66:F69)/C66 -> 0
D67: 短毛球形态 | E67: 果实放入眠枭庇护所后可捕捉（提示可能改变精灵形态），或者用蛋孵化 | F67: 0
D68: 海神球形态 | E68: 地图捕捉，或用蛋孵化 | F68: 0
D69: 象牙花形态 | E69: 果实放入眠枭庇护所后可捕捉（提示可能改变精灵形态），或者用蛋孵化 | F69: 0
A70: N.065 | B70: 蹦蹦花 | C70: 4 | D70: 彩玉球形态 | E70: 果实放入眠枭庇护所后可捕捉（提示可能改变精灵形态），或者用蛋孵化 | F70: 0 | G70: =SUM(F70:F73)/C70 -> 0
D71: 短毛球形态 | E71: 果实放入眠枭庇护所后可捕捉（提示可能改变精灵形态），或者用蛋孵化 | F71: 0
D72: 海神球形态 | E72: 地图捕捉，或用蛋孵化 | F72: 0
D73: 象牙花形态 | E73: 果实放入眠枭庇护所后可捕捉（提示可能改变精灵形态），或者用蛋孵化 | F73: 0
A74: N.076 | B74: 海盔虫 | C74: 2 | D74: 本来的样子 | E74: 地图捕捉，精灵首领·千棘海针附近或沉船旋涡沙滩外圈 | F74: 0 | G74: =SUM(F74:F75)/C74 -> 0 | H74: =_xlfn.DISPIMG("ID_E1211F6584944ED4A0F4F39FE7E57D0D",1) -> =DISPIMG("ID_E1211F6584944ED4A0F4F39FE7E57D0D",1) | I74: 没有课题要求，且挑战精灵首领·千棘海针后得到的蛋大概率只有本来的样子
D75: 磨损的样子 | E75: 地图捕捉，沉船旋涡沙滩内圈 | F75: 0
A76: N.077 | B76: 刺盔虫 | C76: 2 | D76: 本来的样子 | E76: 地图捕捉，精灵首领·千棘海针附近或沉船旋涡沙滩外圈 | F76: 0 | G76: =SUM(F76:F77)/C76 -> 0 | I76: 没有课题要求
D77: 磨损的样子 | E77: 地图捕捉，沉船旋涡沙滩内圈 | F77: 0
A78: N.078 | B78: 千棘盔 | C78: 2 | D78: 本来的样子 | E78: 地图捕捉，精灵首领·千棘海针附近或沉船旋涡沙滩外圈 | F78: 0 | G78: =SUM(F78:F79)/C78 -> 0 | I78: 没有课题要求
D79: 磨损的样子 | E79: 地图捕捉，沉船旋涡沙滩内圈 | F79: 0
A80: N.080 | B80: 小星光 | C80: 2 | D80: 星光能量的样子 | E80: 地图捕捉，精灵首领·风暴战犬附近 | F80: 0 | G80: =SUM(F80:F81)/C80 -> 0 | H80: =_xlfn.DISPIMG("ID_2C35D4B173FB4167B57E758BECF3902F",1) -> =DISPIMG("ID_2C35D4B173FB4167B57E758BECF3902F",1)
D81: 月光能量的样子 | E81: 果实放入眠枭庇护所后可捕捉（提示可能改变精灵形态） | F81: 0
A82: N.081 | B82: 星光狮 | C82: 2 | D82: 星光能量的样子 | E82: 地图捕捉，精灵首领·风暴战犬附近 | F82: 0 | G82: =SUM(F82:F83)/C82 -> 0
D83: 月光能量的样子 | E83: 果实放入眠枭庇护所后可捕捉（提示可能改变精灵形态） | F83: 0
A84: N.118 | B84: 旋叶虫 | C84: 2 | D84: 枯叶的样子 | E84: 地图捕捉，黑水峡的魔力之源附近的树枝上 | F84: 0 | G84: =SUM(F84:F85)/C84 -> 0 | H84: =_xlfn.DISPIMG("ID_CA07CCCE5B9549A390A9F96D0C74981C",1) -> =DISPIMG("ID_CA07CCCE5B9549A390A9F96D0C74981C",1)
D85: 金黄的样子 | E85: 地图捕捉，叽叽喳喳台地和圣羽祭台的的魔力之源附近的枯树上 | F85: 0
A86: N.119 | B86: 蓬叶虫 | C86: 2 | D86: 枯叶的样子 | E86: 地图捕捉，黑水峡的魔力之源附近的树枝上 | F86: 0 | G86: =SUM(F86:F87)/C86 -> 0
D87: 金黄的样子 | E87: 地图捕捉，叽叽喳喳台地和圣羽祭台的的魔力之源附近的枯树上 | F87: 0
A88: N.120 | B88: 风滚暮虫 | C88: 2 | D88: 枯叶的样子 | E88: 地图捕捉，黑水峡的魔力之源附近的树枝上 | F88: 0 | G88: =SUM(F88:F89)/C88 -> 0
D89: 金黄的样子 | E89: 地图捕捉，叽叽喳喳台地和圣羽祭台的的魔力之源附近的枯树上 | F89: 0
A90: N.165 | B90: 小狮鹫 | C90: 2 | D90: 崖间地的样子 | E90: 地图捕捉，港口驻地的魔力之源附近 | F90: 0 | G90: =SUM(F90:F91)/C90 -> 0 | H90: =_xlfn.DISPIMG("ID_83D4799FEF4442C98335C52244B97DB6",1) -> =DISPIMG("ID_83D4799FEF4442C98335C52244B97DB6",1)
D91: 高山地的样子 | E91: 果实放入眠枭庇护所后可捕捉（提示可能改变精灵形态） | F91: 0
A92: N.166 | B92: 神圣狮鹫 | C92: 2 | D92: 崖间地的样子 | E92: 地图捕捉，港口驻地的魔力之源附近，王国城堡的鹰巢内 | F92: 0 | G92: =SUM(F92:F93)/C92 -> 0
D93: 高山地的样子 | E93: 果实放入眠枭庇护所后可捕捉（提示可能改变精灵形态） | F93: 0
A94: N.167 | B94: 皇家狮鹫 | C94: 2 | D94: 崖间地的样子 | E94: 地图捕捉，港口驻地的魔力之源附近，王国城堡的鹰巢内 | F94: 0 | G94: =SUM(F94:F95)/C94 -> 0
D95: 高山地的样子 | E95: 果实放入眠枭庇护所后可捕捉（提示可能改变精灵形态） | F95: 0
A96: N.171 | B96: 波波螺 | C96: 2 | D96: （本来的样子） | E96: 地图捕捉，监管区的魔力之源附近 | F96: 0 | G96: =SUM(F96:F97)/C96 -> 0 | H96: =_xlfn.DISPIMG("ID_D35FAD8FE7A747BAA9E38FB160728C6F",1) -> =DISPIMG("ID_D35FAD8FE7A747BAA9E38FB160728C6F",1)
D97: 被污染的样子 | E97: 地图捕捉，恶水沼泽的魔力之源附近 | F97: 0
A98: N.172 | B98: 消波螺 | C98: 2 | D98: （本来的样子） | E98: 地图捕捉，监管区的魔力之源附近 | F98: 0 | G98: =SUM(F98:F99)/C98 -> 0
D99: 被污染的样子 | E99: 地图捕捉，恶水沼泽的魔力之源附近 | F99: 0
A100: N.173 | B100: 嗜波螺 | C100: 2 | D100: （本来的样子） | E100: 地图捕捉，监管区的魔力之源附近 | F100: 0 | G100: =SUM(F100:F101)/C100 -> 0
...

Sheet 果实进度
A1: 精灵编号 | B1: 精灵家族 | C1: 果实获取方式 | D1: 备注 | E1: 完成进度 | F1: 需捕捉数量 | G1: 是否已获取 | H1: 1 | I1: 2 | J1: 3 | K1: 4 | L1: 5 | M1: 6 | N1: 7 | O1: 8 | P1: 9 | Q1: 10 | R1: 11 | S1: 12 | T1: 13 | U1: 14 | V1: 15 | W1: 16 | X1: 17 | Y1: 18 | Z1: 19 | AA1: 20
A2: N.001 | B2: 迪莫 | C2: 开局必送 | D2: 唯一的迪莫 | E2: 0 | F2: 1 | G2: 否 | H2: 0 | I2: 0 | J2: 0 | K2: 0 | L2: 0 | M2: 0 | N2: 0 | O2: 0 | P2: 0 | Q2: 0 | R2: 0 | S2: 0 | T2: 0 | U2: 0 | V2: 0 | W2: 0 | X2: 0 | Y2: 0 | Z2: 0 | AA2: 0
A3: N.002-N.004 | B3: 喵喵家族 | C3: 一代御三家 | D3: 开局三选一 | E3: 0 | F3: 1 | G3: 否 | H3: 0 | I3: 0 | J3: 0 | K3: 0 | L3: 0 | M3: 0 | N3: 0 | O3: 0 | P3: 0 | Q3: 0 | R3: 0 | S3: 0 | T3: 0 | U3: 0 | V3: 0 | W3: 0 | X3: 0 | Y3: 0 | Z3: 0 | AA3: 0
A4: N.005-N.007 | B4: 火花家族 | C4: 一代御三家 | D4: 开局三选一 | E4: 0 | F4: 1 | G4: 否 | H4: 0 | I4: 0 | J4: 0 | K4: 0 | L4: 0 | M4: 0 | N4: 0 | O4: 0 | P4: 0 | Q4: 0 | R4: 0 | S4: 0 | T4: 0 | U4: 0 | V4: 0 | W4: 0 | X4: 0 | Y4: 0 | Z4: 0 | AA4: 0
A5: N.008-N.010 | B5: 水蓝蓝家族 | C5: 一代御三家 | D5: 开局三选一 | E5: 0 | F5: 1 | G5: 否 | H5: 0 | I5: 0 | J5: 0 | K5: 0 | L5: 0 | M5: 0 | N5: 0 | O5: 0 | P5: 0 | Q5: 0 | R5: 0 | S5: 0 | T5: 0 | U5: 0 | V5: 0 | W5: 0 | X5: 0 | Y5: 0 | Z5: 0 | AA5: 0
A6: N.011 | B6: 鸭吉吉家族 | C6: 捕捉20只精灵 | D6: 捕捉20只鸭吉吉 | E6: 0 | F6: 20 | G6: 否 | H6: 0 | I6: 0 | J6: 0 | K6: 0 | L6: 0 | M6: 0 | N6: 0 | O6: 0 | P6: 0 | Q6: 0 | R6: 0 | S6: 0 | T6: 0 | U6: 0 | V6: 0 | W6: 0 | X6: 0 | Y6: 0 | Z6: 0 | AA6: 0
A7: N.012-N.014 | B7: 板板壳家族 | C7: 捕捉20只精灵 | D7: 捕捉20只水泡壳 | E7: 0 | F7: 20 | G7: 否 | H7: 0 | I7: 0 | J7: 0 | K7: 0 | L7: 0 | M7: 0 | N7: 0 | O7: 0 | P7: 0 | Q7: 0 | R7: 0 | S7: 0 | T7: 0 | U7: 0 | V7: 0 | W7: 0 | X7: 0 | Y7: 0 | Z7: 0 | AA7: 0
A8: N.015-N.017 | B8: 锥尾羊家族 | C8: 捕捉20只精灵 | D8: 捕捉20只花影羚羊 | E8: 0 | F8: 20 | G8: 否 | H8: 0 | I8: 0 | J8: 0 | K8: 0 | L8: 0 | M8: 0 | N8: 0 | O8: 0 | P8: 0 | Q8: 0 | R8: 0 | S8: 0 | T8: 0 | U8: 0 | V8: 0 | W8: 0 | X8: 0 | Y8: 0 | Z8: 0 | AA8: 0
A9: N.018-N.020 | B9: 雪绒鸟家族 | C9: 捕捉20只精灵 | D9: 捕捉20只岚鸟 | E9: 0 | F9: 20 | G9: 否 | H9: 0 | I9: 0 | J9: 0 | K9: 0 | L9: 0 | M9: 0 | N9: 0 | O9: 0 | P9: 0 | Q9: 0 | R9: 0 | S9: 0 | T9: 0 | U9: 0 | V9: 0 | W9: 0 | X9: 0 | Y9: 0 | Z9: 0 | AA9: 0
A10: N.021-N.023 | B10: 小灵菇家族 | C10: 捕捉20只精灵 | D10: 捕捉20只幻影灵菇 | E10: 0 | F10: 20 | G10: 否 | H10: 0 | I10: 0 | J10: 0 | K10: 0 | L10: 0 | M10: 0 | N10: 0 | O10: 0 | P10: 0 | Q10: 0 | R10: 0 | S10: 0 | T10: 0 | U10: 0 | V10: 0 | W10: 0 | X10: 0 | Y10: 0 | Z10: 0 | AA10: 0
A11: N.024-N.026 | B11: 石肤蜥家族 | C11: 捕捉20只精灵 | D11: 捕捉20只石冠王蜥 | E11: 0 | F11: 20 | G11: 否 | H11: 0 | I11: 0 | J11: 0 | K11: 0 | L11: 0 | M11: 0 | N11: 0 | O11: 0 | P11: 0 | Q11: 0 | R11: 0 | S11: 0 | T11: 0 | U11: 0 | V11: 0 | W11: 0 | X11: 0 | Y11: 0 | Z11: 0 | AA11: 0
A12: N.027-N.029 | B12: 布是石家族 | C12: 捕捉20只精灵 | D12: 捕捉20只布克棱岩 | E12: 0 | F12: 20 | G12: 否 | H12: 0 | I12: 0 | J12: 0 | K12: 0 | L12: 0 | M12: 0 | N12: 0 | O12: 0 | P12: 0 | Q12: 0 | R12: 0 | S12: 0 | T12: 0 | U12: 0 | V12: 0 | W12: 0 | X12: 0 | Y12: 0 | Z12: 0 | AA12: 0
A13: N.030-N.031 | B13: 恶魔叮家族 | C13: 捕捉20只精灵 | D13: 捕捉20只叮叮恶魔 | E13: 0 | F13: 20 | G13: 否 | H13: 0 | I13: 0 | J13: 0 | K13: 0 | L13: 0 | M13: 0 | N13: 0 | O13: 0 | P13: 0 | Q13: 0 | R13: 0 | S13: 0 | T13: 0 | U13: 0 | V13: 0 | W13: 0 | X13: 0 | Y13: 0 | Z13: 0 | AA13: 0
... A178: N.438-N.439 | B178: 栗鼠家族 | C178: 赛季作业·铅字幻梦 | D178: 在赛季奇遇中与栗鼠建立契约 | E178: 0 | F178: 1 | G178: 否 | H178: 0 | I178: 0 | J178: 0 | K178: 0 | L178: 0 | M178: 0 | N178: 0 | O178: 0 | P178: 0 | Q178: 0 | R178: 0 | S178: 0 | T178: 0 | U178: 0 | V178: 0 | W178: 0 | X178: 0 | Y178: 0 | Z178: 0 | AA178: 0

Sheet S2幸运惊喜盒特供
A1: 精灵分类 | B1: 精灵名称 | C1: 对应表述 | D1: 官方提示获取方式
A2: 大世界随机精灵 | B2: - | C2: 盒子正在期待被打开......
A3: 大世界随机精灵 | B3: - | C3: 盒子晃了晃，正在开心的看着你......
A4: 大世界随机精灵 | B4: - | C4: 盒子安静的等待着......
A5: 大世界随机精灵 | B5: - | C5: 盒子轻轻摇动，似乎在和你打招呼......
A6: 大世界随机精灵 | B6: - | C6: 盒子咚咚地敲了两下，像是在试探你的反应......
A7: 赛季奇遇精灵 | B7: 猴麦仔 | C7: 盒子里传来嘹亮的声音，音量听起来像被放大过一样，穿透力十足...... | D7: 系别池，机械系/普通系
A8: 赛季奇遇精灵 | B8: 加油海葵 | C8: 盒子上冒出一圈圈气泡，里面传来柔软触须轻轻摇摆的哗啦声...... | D8: 系别池，水系/萌系
A9: 赛季奇遇精灵 | B9: 小丑豆豆 | C9: 盒子里发出欢快的蹦跳声，偶尔还有咯咯的笑意响动...... | D9: 蛋组池，白发懒人/雪蛮人，红色盒子
A10: 赛季奇遇精灵 | B10: 烟花团 | C10: 一靠近盒子就听到热闹的噼啪声，此起彼伏，接着盒顶冒出了一朵朵小烟花...... | D10: 蛋组池，岚鸟/皇家狮鹫，蓝色盒子
A11: 赛季奇遇精灵 | B11: 咕咕帽 | C11: 盒子里不时喷出一团彩雾，里面似乎在进行什么魔术表演...... | D11: 系别池，幽系
A12: 赛季奇遇精灵 | B12: 炫光迪迪 | C12: 盒子里传来鳞片叮叮当当随着盒子摇动的声音，缝隙里透露出一丝彩光...... | D12: 蛋组池，石肤蜥/矿晶虫，黄色盒子
A13: 赛季奇遇精灵 | B13: 小鼓象 | C13: 盒子里传来啪嗒啪嗒的敲鼓声，伴随着哞哞的轻鸣，节奏感一流...... | D13: 系别池，机械系
A14: 赛季奇遇精灵 | B14: 牵线木偶 | C14: 盒子里显得很安静，偶尔能听到一点吱呀的动作声...... | D14: 系别池，幻系
A15: 非赛季奇遇精灵 | B15: 公平鸽 | C15: 盒子在尝试保持平衡，绝不向任何一边歪斜......
A16: 非赛季奇遇精灵 | B16: 灵狐 | C16: 盒子摸着有些冰冷，但偶尔又有股热气从缝隙里传出，一下把寒冷感驱散了......
A17: 非赛季奇遇精灵 | B17: 独角兽 | C17: 盒子的内壁传来鬃毛拂过的沙沙声，抚摸盒子时似乎感到一阵安心......
A18: 非赛季奇遇精灵 | B18: 嘟嘟锅 | C18: 盒子里发出了咕嘟咕嘟的声音，有什么似乎在沸腾，快要将盒子胀开了......
A19: 非赛季奇遇精灵 | B19: 菊花梨 | C19: 盒子的顶部缝隙里露出了几片花瓣，闻起来像梨子的味道，十分清新......
A20: 非赛季奇遇精灵 | B20: 幽影树 | C20: 盒子里传来树皮摩擦般的窸窣声，感觉到它尝试不发出动静，缺失败了......
A21: 非赛季奇遇精灵 | B21: 小夜 | C21: 盒子里传来一声细微的喵叫，随后听见它快速跃起，在盒子里进行了一番跑酷
A22: 非赛季奇遇精灵 | B22: 恶魔叮 | C22: 盒子的内壁发出砰砰的撞击声，似乎有个圆滚滚的身体在四处乱窜和飞起......
A23: 特殊遭遇 | B23: 果冻 | C23: 盒子里传来果冻般粘腻的、滑滑的声音，正在跟随盒子有节奏地晃动......
A24: 特殊遭遇 | B24: 星尘虫 | C24: 盒子里传来窸窸窣窣的爬行声，伴随一丝星芒从缝隙里掠过......
A25: S1通行证 | B25: 绒绒 | C25: 盒子里传来一阵沙沙声，像细密的绒毛贴过内壁，靠近时感觉它向你蹭了蹭......
A26: S1通行证 | B26: 犀角鸟 | C26: 盒子的侧面某个部位撑开成了犀角状，缝隙里还漏出了一撮毛发......
... A28: S2通行证 | B28: 爆焰仔 | C28: 盒子里传出火焰噼啪的闷响，某处热的发烫，似乎随时要爆出焰火......

Sheet S3精灵童话书特供
A1: 特长分类 | B1: 特长名称 | C1: 对应表述
A2: 不具备特长 | B2: - | C2: 线团上描绘着它安静发呆的样子......
A3: 不具备特长 | B3: - | C3: 线团上勾勒着它一摇一摆的样子......
A4: 不具备特长 | B4: - | C4: 线团上描画着它歪着头的样子......
A5: 具备特长 | B5: 爱分享 | C5: 线团上描绘着它正开心地向洛克分享着什么的样子......
A6: 具备特长 | B6: 同乘 | C6: 线团上依稀能看到它轻松地载着两位洛克旅行的样子......
A7: 具备特长 | B7: 疾行 | C7: 线团上勾勒了几团扬起的风卷，以及因跑动而模糊的线条......
A8: 具备特长 | B8: 热心教 | C8: 线团上依稀能看到它热心地和同伴分享着胜利经验的样子......
A9: 具备特长 | B9: 亲密 | C9: 线团上描画着它把脑袋往小洛克手心钻，亲密地蹭了蹭的样子......
A10: 具备特长 | B10: 灵巧 | C10: 线团上描画着它专心为小洛克搜寻着远处的好东西的样子......
A11: 具备特长 | B11: 奇袭 | C11: 线团上勾勒着它在眨眼的刹那，向着敌人背部出击的样子......
A12: 具备特长 | B12: 家里蹲 | C12: 线团上勾勒着它在最爱的舒适角落里散发灵感的样子......
... A17: 血脉提示 | B17: 奇异血脉 | C17: 小加尔想了想，染上了几笔奇异的颜色！

Sheet 精灵蛋收集进度
A1: 精灵编号 | B1: 精灵家族 | C1: 系别 | D1: 形态/异色 | E1: 蛋组 | F1: 是否收集 | G1: 母本（生蛋用） | H1: 特殊获取途径或备注
A2: N.001 | B2: 迪莫 | C2: 光 | D2: - | E2: 无法生蛋 | F2: 0 | G2: 0 | H2: 所有精灵蛋没有特殊说明的均来源于洛克王国BWIKI，地区样式能否生蛋科研结果xhs：@浮生
A3: N.002-N.004 | B3: 喵喵家族 | C3: 草 | D3: - | E3: 动物组,拟人组 | F3: 0 | G3: 0
A4: N.005-N.007 | B4: 火花家族 | C4: 火 | D4: - | E4: 巨灵组,魔力组 | F4: 0 | G4: 0
A5: N.008-N.010 | B5: 水蓝蓝家族 | C5: 水 | D5: - | E5: 魔力组 | F5: 0 | G5: 0
A6: N.011 | B6: 鸭吉吉家族 | C6: 普通 | D6: 蓬松的样子 | E6: 天空组 | F6: 0 | G6: 0
A7: N.011 | B7: 鸭吉吉家族 | C7: 普通 | D7: 紧实的样子 | E7: 天空组 | F7: 0 | G7: 0
A8: N.011 | B8: 鸭吉吉家族 | C8: 普通 | D8: 急急急鸦 | E8: 天空组 | F8: 0 | G8: 0 | H8: 一测
A9: N.011 | B9: 鸭吉吉家族 | C9: 普通 | D9: 等一等鸭 | E9: 天空组 | F9: 0 | G9: 0 | H9: 二测
A10: N.011 | B10: 鸭吉吉家族 | C10: 普通 | D10: 起来鸭 | E10: 天空组 | F10: 0 | G10: 0 | H10: 三测
A11: N.011 | B11: 鸭吉吉家族 | C11: 普通 | D11: 燃了鸭 | E11: 天空组 | F11: 0 | G11: 0 | H11: 公测礼
A12: N.012-N.014 | B12: 板板壳家族 | C12: 水 | D12: - | E12: 两栖组 | F12: 0 | G12: 0 | H12: 生蛋只能生出本来的样子，蜕皮时的样子蛋生不出
A13: N.015-N.017 | B13: 锥尾羊家族 | C13: 幽,恶 | D13: - | E13: 动物组 | F13: 0 | G13: 0 | H13: 锥尾羊、铃兰羊幽系，花影羚羊幽系+恶系
A14: N.018-N.020 | B14: 雪绒鸟家族 | C14: 翼 | D14: 本来的样子 | E14: 天空组 | F14: 0 | G14: 0 | H14: 抽奖机，首领随机
A15: N.018-N.020 | B15: 雪绒鸟家族 | C15: 翼 | D15: 秋天的样子 | E15: 天空组 | F15: 0 | G15: 0 | H15: 抽奖机，首领随机
A16: N.018-N.020 | B16: 雪绒鸟家族 | C16: 翼 | D16: 春天的样子 | E16: 天空组 | F16: 0 | G16: 0 | H16: 抽奖机，首领随机
A17: N.018-N.020 | B17: 雪绒鸟家族 | C17: 翼 | D17: 夏天的样子 | E17: 天空组 | F17: 0 | G17: 0 | H17: 抽奖机，首领随机
A18: N.021-N.023 | B18: 小灵菇家族 | C18: 幽,草 | D18: - | E18: 魔力组,植物组 | F18: 0 | G18: 0 | H18: 小灵菇幽系，幻灵菇、幻影灵菇幽系+草系
A19: N.024-N.026 | B19: 石肤蜥家族 | C19: 地 | D19: - | E19: 两栖组,大地组 | F19: 0 | G19: 0 | H19: 生蛋只能生出本来的样子，球球尾巴的样子蛋生不出
A20: N.027-N.029 | B20: 布是石家族 | C20: 地 | D20: - | E20: 巨灵组,大地组 | F20: 0 | G20: 0 | H20: 首领
A21: N.030-N.031 | B21: 恶魔叮家族 | C21: 恶,翼 | D21: 原色 | E21: 妖精组 | F21: 0 | G21: 0
A22: N.030-N.031 | B22: 恶魔叮家族 | C22: 恶,翼 | D22: 异色 | E22: 妖精组 | F22: 0 | G22: 0 | H22: S2，家园或礼包概率出
A23: N.032-N.034 | B23: 毛毛家族 | C23: 虫,萌 | D23: - | E23: 昆虫组,软体组 | F23: 0 | G23: 0 | H23: 化蝶阶段分化，蛋是一样的
A24: N.035 | B24: 幽影树家族 | C24: 幽,草 | D24: 原色 | E24: 植物组 | F24: 0 | G24: 0
A25: N.035 | B25: 幽影树家族 | C25: 幽,草 | D25: 异色 | E25: 植物组 | F25: 0 | G25: 0 | H25: S2，家园或礼包概率出
A26: N.036-N.038 | B26: 小鼠獭家族 | C26: 普通,水 | D26: - | E26: 动物组,两栖组 | F26: 0 | G26: 0
A27: N.039-N.040 | B27: 矿晶虫家族 | C27: 光,地 | D27: - | E27: 大地组,软体组 | F27: 0 | G27: 0 | H27: 晶石蜗阶段分化，蛋是一样的
A28: N.041-N.043 | B28: 奇丽草家族 | C28: 草 | D28: 原色 | E28: 植物组 | F28: 0 | G28: 0
A29: N.041-N.043 | B29: 奇丽草家族 | C29: 草 | D29: 异色 | E29: 植物组 | F29: 0 | G29: 0 | H29: S1，家园或礼包概率出
A30: N.044-N.046 | B30: 丢丢家族 | C30: 草 | D30: 沙地附近的样子 | E30: 两栖组 | F30: 0 | G30: 0
A31: N.044-N.046 | B31: 丢丢家族 | C31: 草 | D31: 草地附近的样子 | E31: 两栖组 | F31: 0 | G31: 0
A32: N.044-N.046 | B32: 丢丢家族 | C32: 草 | D32: 雪山附近的样子 | E32: 两栖组 | F32: 0 | G32: 0
A33: N.047-N.048 | B33: 护主犬家族 | C33: 火 | D33: - | E33: 动物组 | F33: 0 | G33: 0 | H33: 首领
A34: N.049-N.051 | B34: 绿耳松鼠家族 | C34: 普通 | D34: - | E34: 动物组 | F34: 0 | G34: 0
A35: N.052-N.053 | B35: 嘟嘟煲家族 | C35: 毒 | D35: 原色 | E35: 大地组,妖精组 | F35: 0 | G35: 0
A36: N.052-N.053 | B36: 嘟嘟煲家族 | C36: 毒 | D36: 异色 | E36: 大地组,妖精组 | F36: 0 | G36: 0 | H36: S2，家园或礼包概率出
A37: N.054-N.056 | B37: 小灵面家族 | C37: 幽 | D37: - | E37: 魔力组 | F37: 0 | G37: 0 | H37: 暗影灵面阶段分化，蛋是一样的
A38: N.057-N.058 | B38: 梦游家族 | C38: 幽 | D38: - | E38: 魔力组,妖精组 | F38: 0 | G38: 0
A39: N.059 | B39: 兽花蕾家族 | C39: 光,草 | D39: - | E39: 植物组 | F39: 0 | G39: 0
A40: N.060-N.062 | B40: 伏地兽家族 | C40: 普通 | D40: - | E40: 动物组 | F40: 0 | G40: 0
A41: N.063-N.065 | B41: 蹦蹦种子家族 | C41: 草,毒 | D41: 彩玉球形态 | E41: 植物组 | F41: 0 | G41: 0 | H41: 首领随机
A42: N.063-N.065 | B42: 蹦蹦种子家族 | C42: 草,毒 | D42: 短毛球形态 | E42: 植物组 | F42: 0 | G42: 0 | H42: 首领随机
A43: N.063-N.065 | B43: 蹦蹦种子家族 | C43: 草,毒 | D43: 海神球形态 | E43: 植物组 | F43: 0 | G43: 0 | H43: 首领随机
A44: N.063-N.065 | B44: 蹦蹦种子家族 | C44: 草,毒 | D44: 象牙花形态 | E44: 植物组 | F44: 0 | G44: 0 | H44: 首领随机
A45: N.066-N.068 | B45: 电咩咩家族 | C45: 电 | D45: - | E45: 动物组 | F45: 0 | G45: 0
A46: N.069-N.070 | B46: 蒲公英家族 | C46: 草,萌 | D46: - | E46: 天空组,植物组 | F46: 0 | G46: 0
A47: N.071-N.072 | B47: 伊贝儿家族 | C47: 草 | D47: 原色 | E47: 植物组,软体组 | F47: 0 | G47: 0
A48: N.071-N.072 | B48: 伊贝儿家族 | C48: 草 | D48: 异色 | E48: 植物组,软体组 | F48: 0 | G48: 0 | H48: S3，家园或礼包概率出
A49: N.073-N.075 | B49: 白发懒人家族 | C49: 普通,武 | D49: - | E49: 拟人组,巨灵组 | F49: 0 | G49: 0 | H49: 白发懒人普通系，动力猿、瞌睡王普通系+武系
A50: N.076-N.078 | B50: 海盔虫家族 | C50: 水,毒 | D50: 本来的样子-原色 | E50: 巨灵组,海洋组 | F50: 0 | G50: 0 | H50: 首领
A51: N.076-N.078 | B51: 海盔虫家族 | C51: 水,毒 | D51: 本来的样子-异色 | E51: 巨灵组,海洋组 | F51: 0 | G51: 0 | H51: 首领
A52: N.079 | B52: 菊花梨家族 | C52: 萌 | D52: 原色 | E52: 植物组 | F52: 0 | G52: 0
A53: N.079 | B53: 菊花梨家族 | C53: 萌 | D53: 异色 | E53: 植物组 | F53: 0 | G53: 0 | H53: S2
A54: N.080-N.081 | B54: 小星光家族 | C54: 电 | D54: 星光能量的样子 | E54: 动物组 | F54: 0 | G54: 0
A55: N.080-N.081 | B55: 小星光家族 | C55: 电 | D55: 月光能量的样子 | E55: 动物组 | F55: 0 | G55: 0
A56: N.082-N.084 | B56: 一窝蜂家族 | C56: 虫,翼 | D56: - | E56: 天空组,昆虫组 | F56: 0 | G56: 0 | H56: 首领
A57: N.085-N.087 | B57: 小夜家族 | C57: 恶 | D57: 原色 | E57: 拟人组,妖精组 | F57: 0 | G57: 0
A58: N.085-N.087 | B58: 小夜家族 | C58: 恶 | D58: 异色 | E58: 拟人组,妖精组 | F58: 0 | G58: 0 | H58: S2，家园或礼包概率出
A59: N.088-N.091 | B59: 乖乖鹄家族 | C59: 翼,水,恶 | D59: - | E59: 天空组,两栖组 | F59: 0 | G59: 0 | H59: 乖乖鹄、蓝珠天鹅、翠顶夫人翼系+水系，黑羽夫人翼系+恶系
A60: N.092 | B60: 锤头鹳家族 | C60: 翼,水 | D60: - | E60: 天空组,两栖组 | F60: 0 | G60: 0
A61: N.093-N.094 | B61: 绿草精灵家族 | C61: 草,幻 | D61: - | E61: 拟人组,妖精组 | F61: 0 | G61: 0
A62: N.095 | B62: 记忆石家族 | C62: 地 | D62: - | E62: 大地组 | F62: 0 | G62: 0 | H62: 守护地
A63: N.096-N.098 | B63: 咔咔羽毛家族 | C63: 翼,普通 | D63: - | E63: 天空组 | F63: 0 | G63: 0
A64: N.099-N.101 | B64: 小草虫家族 | C64: 虫,草 | D64: 原色 | E64: 拟人组,昆虫组 | F64: 0 | G64: 0
A65: N.099-N.101 | B65: 小草虫家族 | C65: 虫,草 | D65: 异色 | E65: 拟人组,昆虫组 | F65: 0 | G65: 0 | H65: S3，家园或礼包概率出
A66: N.102-N.104 | B66: 绿翼鸟家族 | C66: 萌,翼 | D66: - | E66: 天空组,妖精组 | F66: 0 | G66: 0
A67: N.105-N.107 | B67: 阿米亚特家族 | C67: 地,恶 | D67: - | E67: 巨灵组,大地组 | F67: 0 | G67: 0 | H67: 阿米亚特、阿米樱地系，罗隐地系+恶系
A68: N.108-N.110 | B68: 风铃鲨家族 | C68: 水,翼 | D68: - | E68: 天空组,海洋组 | F68: 0 | G68: 0
A69: N.111-N.112 | B69: 石石家族 | C69: 地,幽 | D69: - | E69: 魔力组,大地组 | F69: 0 | G69: 0 | H69: 石石地系，巨灵石地系+幽系
A70: N.113-N.115 | B70: 仪使者家族 | C70: 地,幻 | D70: - | E70: 大地组,妖精组 | F70: 0 | G70: 0
A71: N.116-N.117 | B71: 小独角兽家族 | C71: 光 | D71: 原色 | E71: 动物组,巨灵组 | F71: 0 | G71: 0
A72: N.116-N.117 | B72: 小独角兽家族 | C72: 光 | D72: 异色 | E72: 动物组,巨灵组 | F72: 0 | G72: 0 | H72: S2，家园或礼包概率出
A73: N.118-N.120 | B73: 旋叶虫家族 | C73: 普通,虫 | D73: 枯叶的样子 | E73: 植物组,昆虫组 | F73: 0 | G73: 0
A74: N.118-N.120 | B74: 旋叶虫家族 | C74: 普通,虫 | D74: 金黄的样子 | E74: 植物组,昆虫组 | F74: 0 | G74: 0 | H74: 首领
A75: N.121-N.122 | B75: 小黑猫家族 | C75: 普通 | D75: - | E75: 动物组,妖精组 | F75: 0 | G75: 0
A76: N.123-N.124 | B76: 忽幽狸家族 | C76: 幽,毒 | D76: - | E76: 拟人组 | F76: 0 | G76: 0
A77: N.125-N.127 | B77: 多多家族 | C77: 毒,地 | D77: - | E77: 拟人组 | F77: 0 | G77: 0
A78: N.128-N.130 | B78: 哭哭菇家族 | C78: 幻 | D78: - | E78: 植物组 | F78: 0 | G78: 0
A79: N.131 | B79: 恶魔狼家族 | C79: 恶 | D79: 原色 | E79: 动物组 | F79: 0 | G79: 0 | H79: 首领
A80: N.131 | B80: 恶魔狼家族 | C80: 恶 | D80: 异色 | E80: 动物组 | F80: 0 | G80: 0 | H80: S1，家园或礼包概率出
A81: N.132-N.133 | B81: 小电企鹅家族 | C81: 冰,电 | D81: - | E81: 天空组 | F81: 0 | G81: 0
A82: N.134-N.136 | B82: 雪豆丁家族 | C82: 冰 | D82: - | E82: 拟人组,巨灵组 | F82: 0 | G82: 0 | H82: 守护地
A83: N.137-N.138 | B83: 呼呼猪家族 | C83: 冰,地 | D83: 原色 | E83: 动物组 | F83: 0 | G83: 0
A84: N.137-N.138 | B84: 呼呼猪家族 | C84: 冰,地 | D84: 异色 | E84: 动物组 | F84: 0 | G84: 0 | H84: S1，家园或礼包概率出
A85: N.139-N.141 | B85: 雪娃娃家族 | C85: 冰 | D85: - | E85: 妖精组 | F85: 0 | G85: 0
A86: N.142-N.144 | B86: 大耳帽兜家族 | C86: 冰,萌 | D86: 原色 | E86: 拟人组,妖精组 | F86: 0 | G86: 0
A87: N.142-N.144 | B87: 大耳帽兜家族 | C87: 冰,萌 | D87: 异色 | E87: 拟人组,妖精组 | F87: 0 | G87: 0 | H87: S1，家园或礼包概率出
A88: N.145-N.146 | B88: 权杖-II家族 | C88: 机械 | D88: - | E88: 机械组 | F88: 0 | G88: 0
A89: N.147-N.149 | B89: 灵狐家族 | C89: 火,冰 | D89: 原色 | E89: 动物组 | F89: 0 | G89: 0 | H89: 守护地
A90: N.147-N.149 | B90: 灵狐家族 | C90: 火,冰 | D90: 异色 | E90: 动物组 | F90: 0 | G90: 0 | H90: S2，家园或礼包概率出
A91: N.150-N.152 | B91: 里奥家族 | C91: 翼 | D91: - | E91: 无法生蛋 | F91: 0 | G91: 0
A92: N.153-N.155 | B92: 松仔家族 | C92: 草,武 | D92: - | E92: 动物组 | F92: 0 | G92: 0
A93: N.156-N.158 | B93: 小勇狮家族 | C93: 火,武 | D93: - | E93: 动物组 | F93: 0 | G93: 0
A94: N.159-N.161 | B94: 水滴蛇家族 | C94: 水,武 | D94: - | E94: 两栖组,妖精组 | F94: 0 | G94: 0
A95: N.162 | B95: 公平鸽家族 | C95: 普通 | D95: 原色 | E95: 天空组 | F95: 0 | G95: 0
A96: N.162 | B96: 公平鸽家族 | C96: 普通 | D96: 异色 | E96: 天空组 | F96: 0 | G96: 0 | H96: S2，家园或礼包概率出
A97: N.163-N.164 | B97: 小怂猫家族 | C97: 武 | D97: - | E97: 动物组,拟人组 | F97: 0 | G97: 0
A98: N.165-N.167 | B98: 小狮鹫家族 | C98: 翼 | D98: 崖间地的样子 | E98: 动物组,天空组 | F98: 0 | G98: 0
A99: N.165-N.167 | B99: 小狮鹫家族 | C99: 翼 | D99: 高山地的样子 | E99: 动物组,天空组 | F99: 0 | G99: 0
A100: N.168-N.170 | B100: 圆眼蜘蛛家族 | C100: 虫,毒 | D100: - | E100: 昆虫组 | F100: 0 | G100: 0 | H100: 圆眼蜘蛛虫系，尖角蜘蛛、芋香巨角蛛虫系+毒系
...
